 20442/20109,STRT,20442/20109/50A, 20442/20109/50B
 20442/20108,STRT,20442/20108/50A, 20442/20108/50B
 20442/20151,TAPE,20442/20151/50A, 20442/20151/50B
 20442/47017,STRT,20442/47017/50A, 20442/47017/50B
 20442/20107,STRT,20442/20107/50A, 20442/20107/50B
 20442/20107,BRCO,null, 20442/20107/40C
 20442/20106,STRT,20442/20106/50A, 20442/20106/50B
 20442/954,STRT,20442/954/50A, 20442/954/50B
 20442/953,STRT,20442/953/50A, 20442/953/50B
 20442/20105,STRT,20442/20105/50A, 20442/20105/50B
 20442/951,STRT,20442/951/50A, 20442/951/50B
 20442/950,BEND,20442/950/50A, 20442/950/50B
 20442/20112,TAPE,20442/20112/50A, 20442/20112/50B
 20442/7352,BEND,20442/7352/50A, 20442/7352/50B
 20442/46492,OFST,20442/46492/50A, 20442/46492/50B
 20442/30782,STRT,20442/30782/50A, 20442/30782/50B
 20442/20115,TAPE,20442/20115/50A, 20442/20115/50B
 20442/30771,STRT,20442/30771/50A, 20442/30771/50B
 20442/20135,STRT,20442/20135/50A, 20442/20135/50B
 20442/20135,BRCO,null, 20442/20135/50C
 36826/4156,STRT,36826/4156/50A, 36826/4156/50B
 20442/20136,STRT,20442/20136/50A, 20442/20136/50B
 36826/4155,STRT,36826/4155/50A, 36826/4155/50B
 36826/4155,BRCO,null, 36826/4155/50C
 20442/20138,STRT,20442/20138/50A, 20442/20138/50B
 20442/20235,STRT,20442/20235/50A, null
 20442/20235,BRCO,null, 20442/20235/50C
 20442/20235,BRCO,null, 20442/20235/50D
 20442/20186,STRT,20442/20186/50A, 20442/20186/50B
 20442/20186,BRCO,null, 20442/20186/40C
 20442/20185,STRT,20442/20185/50A, 20442/20185/50B
 20442/20184,STRT,20442/20184/50A, 20442/20184/50B
 20442/20184,BRCO,null, 20442/20184/50C
 20442/20183,STRT,20442/20183/50A, 20442/20183/50B
 20442/20182,STRT,20442/20182/50A, 20442/20182/50B
 20442/20182,BRCO,null, 20442/20182/40C
 20442/961,STRT,20442/961/50A, 20442/961/50B
 20442/961,BRCO,null, 20442/961/50C
 20442/959,STRT,20442/959/50A, 20442/959/50B
 28634/3269,STRT,28634/3269/50A, null
 28634/3269,BRCO,null, 28634/3269/50C
 28634/3269,BRCO,null, 28634/3269/50D
